/*
 Navicat Premium Data Transfer

 Source Server         : MAMP
 Source Server Type    : MySQL
 Source Server Version : 50723
 Source Host           : localhost
 Source Database       : elasticlaravel

 Target Server Type    : MySQL
 Target Server Version : 50723
 File Encoding         : utf-8

 Date: 01/27/2019 04:18:19 AM
*/

SET NAMES utf8;
SET FOREIGN_KEY_CHECKS = 0;

-- ----------------------------
--  Table structure for `articles`
-- ----------------------------
DROP TABLE IF EXISTS `articles`;
CREATE TABLE `articles` (
  `id` int(10) unsigned NOT NULL AUTO_INCREMENT,
  `user_id` int(11) NOT NULL,
  `title` varchar(255) COLLATE utf8mb4_unicode_ci NOT NULL,
  `body` text COLLATE utf8mb4_unicode_ci NOT NULL,
  `tags` varchar(255) COLLATE utf8mb4_unicode_ci NOT NULL,
  `created_at` timestamp NULL DEFAULT NULL,
  `updated_at` timestamp NULL DEFAULT NULL,
  PRIMARY KEY (`id`)
) ENGINE=InnoDB AUTO_INCREMENT=77 DEFAULT CHARSET=utf8mb4 COLLATE=utf8mb4_unicode_ci;

-- ----------------------------
--  Records of `articles`
-- ----------------------------
BEGIN;
INSERT INTO `articles` VALUES ('1', '1', 'Autem quidem debitis voluptatem.', 'Expedita voluptatem cumque quos eum dolore sit perspiciatis. Quia deserunt asperiores dolorem. Sequi adipisci dolorum sit atque quisquam officiis vero et. Rem nemo illo aut. Sed ut soluta sunt et inventore illo vitae. Nemo quia nihil non inventore ea sed maiores. Consequatur eveniet autem ducimus eius delectus ut. Dignissimos maiores porro incidunt dolores qui deserunt dolores sit. Sunt suscipit error sed non consequatur.', 'sed,eius,quas,blanditiis', '2019-01-21 23:10:57', '2019-01-21 23:10:57'), ('2', '1', 'Quae nam.', 'Ipsam rerum itaque deleniti quas eius earum sed est. Et eos ut ab et eos. Id ducimus deserunt consequatur corporis distinctio quos architecto. Ipsum at omnis dolor voluptatem et officiis et. Et neque porro cum ullam dolores. Dolor harum assumenda totam impedit quia maxime et. Consectetur quia rerum non libero.', 'mollitia,voluptas,atque,blanditiis', '2019-01-21 23:10:57', '2019-01-21 23:10:57'), ('3', '1', 'Cumque repellat alias officia.', 'Ducimus a omnis recusandae dolorum perferendis laudantium alias tenetur. Odio est impedit sapiente rerum autem magni ut. Reprehenderit tenetur quidem rerum quisquam. Fuga dolores eveniet placeat enim et non quia. Voluptatum voluptatem et est reiciendis laborum eveniet excepturi beatae.', 'tenetur,consequatur,dolorem,non', '2019-01-21 23:10:57', '2019-01-21 23:10:57'), ('4', '1', 'Sapiente dignissimos in.', 'Maiores vel dolores eum ullam. Vel perferendis ea ea velit. Maiores et quam expedita sequi. Inventore sed est omnis ut temporibus doloribus. Non ipsam nisi doloribus sunt et. Labore non illo placeat et.', 'est,temporibus,ad,numquam', '2019-01-21 23:10:57', '2019-01-21 23:10:57'), ('5', '1', 'Explicabo assumenda quia et non.', 'Distinctio illo porro et aut voluptate. Magnam quisquam vero mollitia aut quasi architecto. Blanditiis consequatur alias consequatur atque modi consectetur recusandae possimus. Debitis adipisci adipisci aut quaerat qui quam. Sed asperiores nemo suscipit dolorum et sit. Quibusdam maiores labore laborum sed provident praesentium esse. Corrupti maiores corrupti velit alias nostrum.', 'praesentium,vel,iste,ut', '2019-01-21 23:10:57', '2019-01-21 23:10:57'), ('6', '1', 'Fugit atque suscipit est.', 'Dignissimos in architecto velit tenetur minus voluptate. Corporis voluptatem ut tempore saepe voluptatem qui. Est vitae quod nesciunt a itaque dolores dolor. Quo voluptatem iste dolores atque eos. Saepe non ut autem est voluptas. Vitae expedita illum autem est tenetur.', 'fugit,ratione,voluptatem,id', '2019-01-21 23:10:57', '2019-01-21 23:10:57'), ('7', '1', 'Eveniet eos sapiente.', 'Unde perspiciatis temporibus laborum eveniet. Dolore similique est voluptates sit. Porro saepe voluptatem iusto quia porro. Sit ut cum at voluptatem et placeat. Laborum temporibus et quo minus dolores.', 'iusto,et,dolorem,delectus', '2019-01-21 23:10:57', '2019-01-21 23:10:57'), ('8', '2', 'Nemo omnis sit soluta.', 'Saepe aspernatur inventore soluta magni nulla delectus mollitia. Et hic ratione ut nisi debitis ut aut. Sit voluptate aut officiis ratione facere. Velit et cumque eum. Et tenetur repellendus ipsam dolorum. Veritatis rerum velit reiciendis. In et maiores consequatur porro recusandae debitis quae. Est dolor qui voluptatem quibusdam nesciunt amet similique. Eum pariatur et velit sed aliquam.', 'inventore,quia,ut,omnis', '2019-01-21 23:10:57', '2019-01-21 23:10:57'), ('9', '2', 'Id ut earum quis.', 'Sed aut consequatur a ipsum. Et ut eligendi provident animi. Voluptatem ullam quo nesciunt consequuntur fugit velit ipsa. Dignissimos libero numquam exercitationem voluptatem est. Magni ipsa nesciunt distinctio dolores dicta adipisci ad dolor.', 'impedit,et,vitae,laudantium', '2019-01-21 23:10:57', '2019-01-21 23:10:57'), ('10', '2', 'Est quo esse quo.', 'Possimus sed sint mollitia aliquam iste neque omnis. Nobis ab labore inventore repellat. Accusantium aspernatur aut et hic quia quia at officia. Quas neque perferendis commodi placeat voluptate cumque in. Aspernatur enim nemo aspernatur quos.', 'est,tempore,error,consequatur', '2019-01-21 23:10:57', '2019-01-21 23:10:57'), ('11', '2', 'Ut tempora doloremque.', 'Veritatis eum nobis esse nobis facilis. Inventore fuga ipsam debitis excepturi cupiditate et. Molestiae quod debitis sit. Amet ad omnis laudantium eligendi eos. Sed repudiandae beatae quisquam sint.', 'ut,libero,earum,reiciendis', '2019-01-21 23:10:57', '2019-01-21 23:10:57'), ('12', '2', 'Optio magnam velit.', 'Consectetur pariatur quisquam suscipit sit cupiditate. Nulla modi vel aut. Architecto excepturi doloribus eius perspiciatis. Quae ea hic et et aut delectus possimus porro. Eligendi porro eveniet dolorem necessitatibus voluptas. Ut fuga dolor harum. Ut omnis ut vitae. Enim nobis doloremque quidem fugiat repellat nihil.', 'dolorem,asperiores,quo,rerum', '2019-01-21 23:10:57', '2019-01-21 23:10:57'), ('13', '3', 'Molestias tempore corporis impedit.', 'Eum et sed deleniti tenetur minima. Vitae ut eum vel consequuntur. Et enim explicabo aut ut est omnis libero. Corrupti in molestiae nihil omnis aperiam occaecati.', 'qui,ut,ipsam,eum', '2019-01-21 23:10:57', '2019-01-21 23:10:57'), ('14', '3', 'Laudantium totam praesentium dolorem.', 'Et ut ut fugit aliquid vitae. Velit architecto ut harum deleniti. Dolorem nemo consequatur culpa ratione eos et. Numquam earum ea quo distinctio vero nihil molestiae. Voluptas eum tempore ut aut quam. Doloremque quod tempora quia dolorem et temporibus. Quod recusandae sint voluptatibus.', 'cupiditate,autem,impedit,quia', '2019-01-21 23:10:57', '2019-01-21 23:10:57'), ('15', '3', 'Eos quam ad.', 'Temporibus ducimus modi harum aperiam quia ut accusantium nostrum. Fuga sit tenetur quae magni ut. Inventore corrupti quibusdam dolores eveniet et doloremque voluptatem. Et possimus et culpa voluptas.', 'maxime,facilis,dolores,id', '2019-01-21 23:10:57', '2019-01-21 23:10:57'), ('16', '3', 'Quae molestias libero.', 'Voluptatibus delectus necessitatibus aliquid aut quos quibusdam. Mollitia quae incidunt autem ut. Id laboriosam natus aut sapiente rem ipsa delectus. Cupiditate voluptatum id autem consequatur voluptas eligendi reprehenderit quod. Autem ut assumenda quod non dolor inventore dicta. Unde nihil molestias quia fuga id ducimus ea. Officia odit facilis ut.', 'velit,alias,deleniti,sunt', '2019-01-21 23:10:57', '2019-01-21 23:10:57'), ('17', '3', 'Vero suscipit dicta qui amet.', 'Quae delectus consequatur soluta libero omnis neque. Cum vitae rerum consectetur atque placeat at. Officia sed magni doloremque voluptatibus nam similique. Pariatur quasi labore vitae. Maxime distinctio eveniet enim itaque dolorum. Qui porro ab non libero. Blanditiis impedit nostrum quasi nihil. Natus voluptate porro sed atque.', 'labore,nihil,esse,voluptas', '2019-01-21 23:10:57', '2019-01-21 23:10:57'), ('18', '3', 'Officia excepturi facere.', 'Enim et sed inventore voluptates delectus voluptas saepe. Voluptas sequi explicabo voluptatum est eaque rem. Ullam provident quidem animi est non doloremque consectetur et. Molestiae nesciunt architecto in quod blanditiis explicabo blanditiis. Qui saepe amet quis. Officiis aliquid ea error nihil corrupti illum. Error et ea quia voluptas repellendus. Minima hic consequatur natus minus deserunt error et deleniti.', 'qui,nihil,in,sint', '2019-01-21 23:10:57', '2019-01-21 23:10:57'), ('19', '4', 'Iusto vel maiores.', 'Minima velit modi aspernatur omnis voluptas quod perferendis. Explicabo aut fugiat voluptate corrupti delectus. Ut quia totam quod voluptatibus eveniet expedita deserunt. Voluptas laborum ex cum quia aut. Est doloremque sit beatae tempora assumenda consequatur. Voluptatem voluptatem dolore nostrum voluptatem ut deleniti odio recusandae. Et earum voluptate itaque ullam dolor. Et vitae saepe iste qui voluptatem ipsa.', 'labore,ratione,non,qui', '2019-01-21 23:10:57', '2019-01-21 23:10:57'), ('20', '4', 'Molestias veniam tempore.', 'Sint assumenda minus et dolorem deserunt ut illum. Quo voluptatibus ducimus et et sequi. Veniam exercitationem quod inventore nihil dolorem. Aliquid ut aut quam libero et nisi. Incidunt et quos ex et quia.', 'voluptate,dolorem,sed,velit', '2019-01-21 23:10:57', '2019-01-21 23:10:57'), ('21', '4', 'Nihil et vel.', 'Asperiores aut ipsam animi vel veritatis dolorum. Sequi et consectetur voluptas quisquam quibusdam est. Vel quidem tenetur assumenda provident. Quia odio deserunt labore. Consequatur quas aut est ad tenetur fugit reprehenderit earum. Dolores voluptatem non atque repellendus. Qui omnis ratione aut omnis est harum.', 'voluptate,illo,magni,ex', '2019-01-21 23:10:57', '2019-01-21 23:10:57'), ('22', '4', 'Incidunt eligendi.', 'Saepe deleniti soluta recusandae similique vel omnis maiores. Omnis possimus maiores provident fugiat debitis a. Et a libero asperiores voluptas doloremque vel eius. Consequatur sed quia eveniet ipsa. Eligendi recusandae laboriosam quis rerum ab et.', 'dicta,et,laudantium,id', '2019-01-21 23:10:57', '2019-01-21 23:10:57'), ('23', '4', 'Cupiditate eos perspiciatis qui.', 'Ea eligendi in magni omnis. Itaque numquam facere sunt aperiam saepe. Voluptas impedit dicta inventore ut deleniti ipsum. Officia velit autem tempora at reprehenderit impedit. Quo laudantium voluptas facilis dolore numquam odio nam debitis.', 'modi,totam,debitis,molestiae', '2019-01-21 23:10:57', '2019-01-21 23:10:57'), ('24', '4', 'Aspernatur autem ut.', 'Adipisci fugiat voluptates laborum qui ut id possimus veniam. Debitis quia reiciendis quis temporibus nisi ut quaerat. Nam velit ab animi ut mollitia voluptatem. Deserunt tenetur eum sed odio. Non praesentium dolore omnis quis. Optio voluptas pariatur soluta quia dicta rerum eum. Illo corrupti itaque dicta maiores consequatur at.', 'et,quis,sed,quia', '2019-01-21 23:10:57', '2019-01-21 23:10:57'), ('25', '4', 'Non rerum ipsam.', 'Et quo blanditiis sit magni. Quod sed quis a commodi. Omnis voluptatem qui impedit sequi facilis incidunt molestiae laudantium. Ut sit modi minima voluptatum facilis ipsa. Incidunt et et quidem id dolor saepe voluptatum. Voluptatem et aliquam dolorum sunt similique molestiae.', 'ipsum,et,repudiandae,et', '2019-01-21 23:10:57', '2019-01-21 23:10:57'), ('26', '5', 'Harum omnis nesciunt explicabo fugiat.', 'Aliquid dignissimos et dolorem consequatur sit ut. Aut officia voluptas provident animi officiis numquam in. Et ut quos modi aut odit inventore. Voluptatem sunt eum sapiente eos sit dolores. Ut id labore itaque quasi ut.', 'aut,enim,deserunt,nemo', '2019-01-21 23:10:57', '2019-01-21 23:10:57'), ('27', '5', 'Et quae neque occaecati.', 'Quia sunt omnis facilis odit. Vel et aut voluptatum a laborum quo. Cum quasi numquam labore ducimus expedita. Iusto veniam doloribus at. Illo pariatur eum exercitationem sint quod voluptate.', 'deserunt,laborum,sed,at', '2019-01-21 23:10:57', '2019-01-21 23:10:57'), ('28', '5', 'Consequatur consectetur quod sed.', 'Aperiam sed inventore sed tempore rerum repudiandae et. Eos officia provident atque repellendus nemo eos assumenda. Hic esse porro officiis facere ea ratione repudiandae dolores. Quasi quo ex praesentium vel quo iure. Facere accusantium impedit quo dolor voluptatem recusandae. Inventore nostrum ullam et at qui consequatur. Assumenda delectus et ad nam officiis ut. Assumenda itaque ea esse aut nesciunt amet. Rem molestias qui maxime rerum.', 'et,ea,vitae,aspernatur', '2019-01-21 23:10:57', '2019-01-21 23:10:57'), ('29', '5', 'Vitae est perspiciatis.', 'In earum facilis iste adipisci. Nihil voluptas minima voluptatibus eum accusantium. Consequuntur quis est ad quia quia vel. Sed sed non nulla voluptatem quis perspiciatis consequatur. Magni rem aliquam ea qui et vel sunt provident. Placeat voluptatibus laborum ut et voluptatum repudiandae placeat.', 'aut,suscipit,et,aut', '2019-01-21 23:10:57', '2019-01-21 23:10:57'), ('30', '5', 'Ullam omnis quas et blanditiis.', 'Odit molestiae culpa voluptates molestias autem et. Rem dolorem voluptatem qui nisi occaecati consectetur. Distinctio atque unde voluptatem et odit. Neque inventore ab voluptatum dicta ea enim ab. Deleniti quidem minima quos temporibus maiores magnam.', 'repellat,soluta,et,nemo', '2019-01-21 23:10:57', '2019-01-21 23:10:57'), ('31', '5', 'Suscipit deleniti occaecati.', 'Id iusto facere neque error. Officiis id illum ipsum nihil sed cum amet quia. Omnis non voluptas saepe. Repellendus qui sunt et sequi non non voluptatum hic.', 'totam,iste,et,est', '2019-01-21 23:10:57', '2019-01-21 23:10:57'), ('32', '5', 'Illo omnis.', 'Molestiae nihil qui voluptas sed. Laboriosam omnis autem magnam modi in tempore. Ut magni nulla non occaecati est. Maiores esse doloremque est. Voluptatem labore inventore aspernatur repudiandae sit. Soluta qui maiores fugit error. Rerum expedita fugiat sed consequuntur. Ducimus illo vel quod asperiores.', 'quo,ab,magni,eos', '2019-01-21 23:10:57', '2019-01-21 23:10:57'), ('33', '5', 'Est est nihil ut.', 'Dolores a natus suscipit. Possimus eius perspiciatis deleniti. Autem numquam quia aut repellendus. Consectetur dolorum est soluta harum. Quod quos aut molestias iusto alias earum. Excepturi mollitia vel sunt cumque. Expedita illum quasi et alias enim iusto quia officia. Impedit voluptas molestiae ducimus voluptatem earum sint eaque.', 'dolores,dolor,ipsa,magni', '2019-01-21 23:10:57', '2019-01-21 23:10:57'), ('34', '5', 'Incidunt amet voluptatibus.', 'Animi est optio velit laboriosam cupiditate officiis quis est. Maiores sit reiciendis quisquam consequatur. Saepe pariatur dolorem asperiores commodi. Fugit corporis et omnis consequatur unde dolorum. Atque sit fugiat dolorum aut explicabo. Qui non aut enim unde qui mollitia beatae ad. Dolor tempore provident eum est inventore. Doloribus ipsum culpa qui consectetur dicta sint magni.', 'eum,ut,vel,nemo', '2019-01-21 23:10:57', '2019-01-21 23:10:57'), ('35', '6', 'Maxime nostrum.', 'Blanditiis illum numquam aut assumenda. Est ipsam numquam est unde et distinctio in. Et sunt excepturi fuga ipsa. Et quo rerum delectus sint voluptas. Veritatis et voluptas accusamus numquam eum aperiam optio. Odio deserunt quaerat cum et. Repellat accusantium blanditiis omnis. Error ratione consequatur rerum dolorum qui repellendus ut.', 'iste,reprehenderit,illum,et', '2019-01-21 23:10:57', '2019-01-21 23:10:57'), ('36', '6', 'In quis delectus placeat.', 'Aspernatur quidem et voluptatibus voluptatibus accusamus sint excepturi impedit. Quisquam ipsum rem laboriosam repellendus. Quo voluptatem voluptas aut voluptate adipisci est. Et earum est dignissimos sequi. Dolorem aliquam quia velit animi. Adipisci voluptatem aut enim et. Similique ut odio veritatis est reiciendis harum dolorem. Corrupti non repellendus est et alias cupiditate consequatur nulla.', 'pariatur,enim,quos,voluptate', '2019-01-21 23:10:57', '2019-01-21 23:10:57'), ('37', '6', 'Quia saepe assumenda neque.', 'Voluptatem accusamus nisi harum dolorem nam. Aspernatur hic et architecto qui. Natus incidunt aliquid voluptatum saepe odio voluptas. Reiciendis sed ut pariatur sequi porro. Magnam labore laborum rerum similique. Ad vel quidem excepturi commodi vero.', 'consequatur,aut,commodi,minima', '2019-01-21 23:10:57', '2019-01-21 23:10:57'), ('38', '6', 'Inventore qui necessitatibus.', 'Iste porro accusamus alias ea ex accusamus et ea. Est alias incidunt nemo aperiam. Cum consequuntur voluptates quam id voluptas voluptas reprehenderit voluptatem. Quo et iste praesentium sunt omnis ad enim. At ut ut est necessitatibus voluptas. Excepturi blanditiis quo id ad. Et velit nihil assumenda nihil sequi delectus. Magnam aut deserunt dolor natus.', 'aut,quia,facilis,sit', '2019-01-21 23:10:57', '2019-01-21 23:10:57'), ('39', '6', 'Eveniet consequatur expedita minima.', 'Consectetur explicabo suscipit deleniti vel ab officia sequi voluptas. Ut non ullam sed laboriosam pariatur. Consequatur est qui nisi voluptas. Doloremque tempora ducimus ut harum.', 'rerum,similique,nihil,amet', '2019-01-21 23:10:57', '2019-01-21 23:10:57'), ('40', '6', 'Corrupti et debitis sit.', 'Non et aut eligendi doloremque. Similique necessitatibus error itaque in facere in aspernatur. Et aut placeat natus aut. Voluptatem est non alias sequi quis occaecati quasi.', 'ipsa,saepe,fugit,dolores', '2019-01-21 23:10:57', '2019-01-21 23:10:57'), ('41', '6', 'Sunt alias ab.', 'Eius laboriosam magnam id nemo. Qui necessitatibus dolor laboriosam ex ipsum. Sapiente ducimus non qui iure nam voluptatem. Officiis voluptatem qui perferendis dolor eaque. Qui qui nam sint voluptas ducimus possimus. Harum est et architecto. Voluptate nisi quisquam libero.', 'incidunt,nobis,quibusdam,minima', '2019-01-21 23:10:57', '2019-01-21 23:10:57'), ('42', '6', 'Dignissimos autem et.', 'Dolores iste quibusdam earum ut praesentium ut distinctio. Itaque est ut soluta praesentium quisquam officia. Nesciunt consequatur enim quaerat aut aut. Eum debitis est fugiat. Et est recusandae voluptas rem eius vitae. Nesciunt rerum minima molestias at. Provident esse reiciendis dolores consequuntur. Aut et hic ut sapiente quas asperiores nemo.', 'dignissimos,aut,non,eum', '2019-01-21 23:10:57', '2019-01-21 23:10:57'), ('43', '6', 'Et pariatur ut ex qui.', 'Ea ipsa id eum in in reiciendis. Eum nihil quasi minima nihil autem eligendi. Et labore totam quaerat id nisi. Voluptatem ea voluptate sed ad. Provident qui cumque eos nisi. Assumenda assumenda sit qui ut. Amet sed provident molestiae et. Expedita consequatur provident qui ex laborum unde.', 'debitis,est,cum,quasi', '2019-01-21 23:10:57', '2019-01-21 23:10:57'), ('44', '7', 'Sit expedita aliquam.', 'Voluptatem quam in et possimus. Et neque odit ut vel tempora exercitationem unde. Voluptas libero non aut sunt ratione. Soluta molestiae eveniet culpa ratione animi. Voluptas consectetur dolor quo corrupti. Totam neque officia beatae.', 'optio,voluptas,quaerat,voluptas', '2019-01-21 23:10:57', '2019-01-21 23:10:57'), ('45', '7', 'Deleniti earum tempore amet.', 'Et qui delectus illum qui consequatur occaecati est. Est ea aut quis esse. Est sequi vero incidunt aut. Omnis autem tempora voluptatem perspiciatis maxime.', 'eos,autem,autem,quam', '2019-01-21 23:10:57', '2019-01-21 23:10:57'), ('46', '7', 'Sit voluptas similique.', 'Harum vel at laudantium magnam ducimus aut non. Voluptates corrupti nihil fugit porro voluptatem et. Omnis doloribus ad cum vel rerum. Occaecati minus explicabo odio qui sint velit quas. Voluptas eos aut consectetur eveniet laboriosam sapiente nostrum ipsa. Perferendis ut placeat ea illum voluptas facilis.', 'id,praesentium,voluptatibus,nostrum', '2019-01-21 23:10:57', '2019-01-21 23:10:57'), ('47', '7', 'Laudantium iusto molestias qui.', 'Excepturi nam aliquam sunt a voluptas quos eum. Quisquam cum non in in iste. Enim neque quis earum eos molestiae quo. Incidunt ut voluptas sit. Qui atque ex amet omnis. Id magnam deleniti soluta magnam explicabo facilis hic. In aspernatur sint vel ratione dolorum.', 'porro,tempore,odio,ea', '2019-01-21 23:10:57', '2019-01-21 23:10:57'), ('48', '7', 'Ratione sequi expedita.', 'Dicta voluptas ut possimus non animi dignissimos. Cumque libero velit animi recusandae debitis quod dolores. Corporis voluptas consequatur libero architecto rerum consequatur cumque. Odio et facere odio ea odio. Minima quam vitae natus corrupti ut. Quam porro quo aut quasi impedit et aut. Qui deleniti voluptates ipsum saepe alias repudiandae in. Voluptates id amet est excepturi rerum. Cumque et quia sed ad occaecati.', 'expedita,nisi,error,vel', '2019-01-21 23:10:57', '2019-01-21 23:10:57'), ('49', '7', 'Tempora consequatur unde modi.', 'Et quod sed minima laborum eum est non. Et molestiae adipisci explicabo ut iste. Consequuntur quis tempore facilis aut eveniet in. Molestias dignissimos qui neque odio. Voluptas distinctio et quae praesentium id accusamus aut. Voluptatem accusamus illum quae voluptas et consequatur exercitationem. Quia expedita omnis maiores possimus. Non ullam et accusamus vel.', 'non,adipisci,in,deserunt', '2019-01-21 23:10:57', '2019-01-21 23:10:57'), ('50', '8', 'Nihil iure quod quas.', 'Laboriosam vitae atque dicta enim illum. Ut corrupti corrupti qui reiciendis. Deserunt aut est commodi aliquam molestias harum. Ex rerum earum et qui suscipit nihil. Et sapiente dolores nam eligendi. Omnis voluptatem consequatur et voluptatem aliquid ipsam.', 'eaque,nam,eligendi,hic', '2019-01-21 23:10:57', '2019-01-21 23:10:57'), ('51', '8', 'Tempora quidem unde.', 'Repellendus tempore architecto consequatur distinctio iure consequuntur. Quidem amet praesentium accusamus. Vero odit unde quae dolores doloribus deleniti vero. Sapiente debitis adipisci et et rerum. Eligendi soluta assumenda nemo et quia.', 'placeat,molestiae,similique,inventore', '2019-01-21 23:10:57', '2019-01-21 23:10:57'), ('52', '8', 'Eaque reprehenderit dolorum non sit.', 'Dolor et in cupiditate non aspernatur commodi accusamus. Officiis magnam magnam dolore eaque voluptates aspernatur. Quo rerum tenetur expedita. Ut aut esse blanditiis iusto iusto labore. Cumque voluptatem corrupti ducimus ab quo. Ab aut sapiente asperiores modi in ea.', 'eaque,maxime,perferendis,rerum', '2019-01-21 23:10:57', '2019-01-21 23:10:57'), ('53', '8', 'Modi qui nobis.', 'Culpa expedita id assumenda repudiandae. Voluptatum quod est et voluptatem. Eveniet sit ipsa autem. Quibusdam eius doloribus dolores in qui. Consequatur reprehenderit soluta officia itaque. Sed tempora totam aut eum expedita libero eveniet.', 'ex,voluptates,ea,harum', '2019-01-21 23:10:57', '2019-01-21 23:10:57'), ('54', '8', 'Voluptatem facilis iure.', 'Fugit sapiente corporis quia. Dolorem iusto laboriosam assumenda dolores tempora. Molestiae est debitis qui earum non. Culpa ea aut vero autem. Aut sed et voluptatem enim saepe dolore quo. Sequi aperiam reiciendis nihil doloribus ut et ut labore. Voluptas et autem quaerat tempora. Non et rerum dolorum quisquam cumque ab.', 'voluptas,labore,quisquam,provident', '2019-01-21 23:10:57', '2019-01-21 23:10:57'), ('55', '8', 'Tenetur eos ex.', 'Omnis fuga sit culpa odit. Voluptas esse illo corporis neque. Commodi qui dolorum id sunt amet. Rem doloremque illum expedita. Rem nulla odit temporibus maiores perspiciatis aut non. Consequuntur adipisci ut soluta quidem minima et reiciendis.', 'sint,voluptatem,consequatur,omnis', '2019-01-21 23:10:57', '2019-01-21 23:10:57'), ('56', '8', 'Iure et inventore.', 'Dolorem odio beatae neque aut odit. A cum ut dignissimos id placeat voluptate excepturi. Quia quia dolorem maxime exercitationem. Fugiat eaque ratione et officia rem atque. Quia magnam consequatur rerum. Eligendi provident corrupti nisi accusamus in dolorum.', 'aut,minus,ea,aut', '2019-01-21 23:10:57', '2019-01-21 23:10:57'), ('57', '8', 'Natus adipisci sit.', 'Officia aperiam sunt aut velit facilis id. Dicta illo recusandae provident et. Non et ea cumque quaerat animi consequatur porro nemo. Rerum quo repellendus voluptatem aspernatur.', 'et,consequatur,inventore,voluptas', '2019-01-21 23:10:57', '2019-01-21 23:10:57'), ('58', '8', 'Voluptas asperiores eius corporis.', 'Qui itaque in aut ut occaecati laborum consequatur et. Nemo et quis asperiores laborum. Enim maiores culpa autem. Et perspiciatis aperiam enim earum voluptatem quo atque iste. Est id incidunt sed.', 'ut,dolor,nobis,et', '2019-01-21 23:10:57', '2019-01-21 23:10:57'), ('59', '8', 'Molestiae consequuntur corporis.', 'Sunt consectetur dolor cumque aut et. Id ea rem rerum temporibus sed numquam. Nostrum ut et eum ratione nam sunt quidem. Nisi qui hic dolor maiores ut cum nulla amet. Et aut molestiae quibusdam impedit vitae ab. Vitae et accusamus repellendus quasi dolores officia. Aut expedita est est aliquid sit nihil sit. Aspernatur labore eos aut odio nulla saepe sunt.', 'dolorem,quod,iusto,voluptate', '2019-01-21 23:10:57', '2019-01-21 23:10:57'), ('60', '9', 'Animi eos aut et asperiores.', 'Eaque numquam aut modi voluptas et. Animi odio ut architecto sunt et velit sed. Ut porro earum tenetur eius eaque. Expedita nihil at aliquam neque ut itaque voluptates tempore. Ea dolorum id ut odio dolor omnis voluptatem quo. Dolor fugit ullam maxime ut. Voluptatem qui omnis quia nobis nihil dolorem quam.', 'et,quis,nobis,in', '2019-01-21 23:10:57', '2019-01-21 23:10:57'), ('61', '9', 'Numquam aspernatur repudiandae.', 'Omnis nemo doloremque officia incidunt fuga. Ut et amet expedita sapiente. Et quo sed ab tenetur similique sapiente. Libero aut sint libero modi. Ea ut ratione quam distinctio. Qui nobis consequatur maxime et. Voluptatem et totam magnam maiores. Sint deleniti et quos asperiores doloribus ea maiores.', 'earum,nulla,perspiciatis,blanditiis', '2019-01-21 23:10:57', '2019-01-21 23:10:57'), ('62', '9', 'Ipsa non aut rerum.', 'Qui architecto nesciunt dolorem quia consequatur velit. Voluptatem pariatur fuga et ut est voluptas. Doloribus repellat animi ipsam et. Corporis aut quas nobis et aliquam placeat. Vitae corporis alias voluptatum velit rem eum. Quaerat eos atque dolor illo quae.', 'pariatur,quo,maiores,voluptatem', '2019-01-21 23:10:57', '2019-01-21 23:10:57'), ('63', '9', 'Consectetur fuga voluptatem officia.', 'Sed eaque ut similique. In consequatur corporis facere dolore ex et deserunt. Dolorum accusamus exercitationem qui nam pariatur ipsa neque blanditiis. Aliquam assumenda neque dolores id aut. Praesentium reprehenderit sed iusto tenetur. Ut aspernatur rerum voluptas quas eos est. Voluptate ut architecto non possimus veritatis rerum quaerat. Nihil culpa rerum voluptas omnis architecto.', 'qui,repellat,laborum,est', '2019-01-21 23:10:57', '2019-01-21 23:10:57'), ('64', '9', 'Iure sapiente beatae.', 'Quod repudiandae quae ratione deleniti quod nihil qui perferendis. Illo perspiciatis asperiores qui natus officiis laborum. Provident est est consequatur at accusamus non. Incidunt provident et delectus illo et odio. Voluptas architecto deserunt animi id voluptatibus sit voluptatem ut. Iste sed vel et autem voluptatibus aut et. Recusandae vel vel in omnis. Et magni porro animi est porro. Beatae sed odit libero ea dolorem.', 'vel,dolorem,voluptates,dolore', '2019-01-21 23:10:57', '2019-01-21 23:10:57'), ('65', '9', 'Nihil debitis.', 'Architecto temporibus voluptas quos eligendi fugit ut eum. Enim voluptas vel voluptatem assumenda ut molestias dolorem. Voluptatem consequatur a deleniti totam quaerat rerum. Soluta quis officia nihil expedita asperiores nam ab. Labore neque voluptatum quaerat ea ipsa. Corporis rerum voluptatum ex nisi vel facilis occaecati.', 'non,voluptates,eum,enim', '2019-01-21 23:10:57', '2019-01-21 23:10:57'), ('66', '9', 'Totam quae qui facilis.', 'Molestias ut quasi temporibus doloremque. Ea dignissimos voluptate aliquam vitae qui qui. Laborum non rem saepe dolorem. Sit dolorem non aspernatur omnis dignissimos laborum recusandae. Laborum natus qui explicabo sit voluptas harum. Sit quisquam repellat quia voluptatibus.', 'in,non,reprehenderit,consectetur', '2019-01-21 23:10:57', '2019-01-21 23:10:57'), ('67', '9', 'Exercitationem fugit nesciunt ullam.', 'Temporibus quod dolorem officiis aut est facere. Voluptas laudantium sequi quae vel aut. Dolores omnis ea voluptates esse consequatur. Voluptatum dolores nam inventore et quaerat sunt nihil voluptatem. Voluptas dolore veritatis corporis ut officiis.', 'possimus,quos,earum,voluptate', '2019-01-21 23:10:57', '2019-01-21 23:10:57'), ('68', '10', 'Dolores aut voluptatem.', 'Distinctio eum minus ducimus. Vel quo amet quas nobis aspernatur sed. Nostrum doloribus voluptate et animi. In vero ipsum sunt. Asperiores sed exercitationem qui. Dolore ut molestiae ut fugiat ut. Expedita itaque modi qui ipsa dolore fugit est. Quia provident labore porro ratione et.', 'at,dolores,et,et', '2019-01-21 23:10:57', '2019-01-21 23:10:57'), ('69', '10', 'Reiciendis nobis.', 'Possimus error et laudantium et unde consequuntur aut. Officiis laborum debitis totam. Odit exercitationem consequatur perspiciatis tempora. Et quasi ipsam rerum fuga quidem fugiat. Libero est et vel ut.', 'id,quo,accusantium,est', '2019-01-21 23:10:57', '2019-01-21 23:10:57'), ('70', '10', 'Accusamus ut ut aut.', 'Assumenda reiciendis non rerum et harum aspernatur illum. Et aut iusto cumque ullam. Quas voluptates aut quis hic. Consequatur non ut placeat ut cumque. Magni quisquam tempore et quis quia rerum et. Laborum tenetur commodi ut sapiente qui.', 'modi,tenetur,sed,et', '2019-01-21 23:10:57', '2019-01-21 23:10:57'), ('71', '10', 'Maxime a eius.', 'Unde qui unde pariatur odit cum magni nihil magnam. Expedita non omnis temporibus dolorem qui ut. Ipsa magni cupiditate amet perferendis dolor libero. Est facilis quam qui sed fuga. Dolor omnis molestiae corporis voluptas est nulla cumque. Rerum voluptas ad modi dicta maiores ut. Nisi eum unde nam est tempore. Alias corporis atque sed.', 'rerum,voluptates,aut,sit', '2019-01-21 23:10:57', '2019-01-21 23:10:57'), ('72', '10', 'Velit quisquam est adipisci.', 'Et occaecati quam est ducimus hic. Amet dicta iusto voluptatem vel occaecati atque. Quia rerum non officia autem sit placeat est consequatur. Nam nesciunt repellat ipsum ad quo. Id rerum aut hic enim aliquam aut et et.', 'excepturi,pariatur,laboriosam,voluptatem', '2019-01-21 23:10:57', '2019-01-21 23:10:57'), ('73', '10', 'Explicabo qui aut.', 'Eveniet eaque sit dolor commodi dignissimos. Ipsa dolore reiciendis ex totam. Laudantium eos consequatur aperiam eum illum porro. Rem quia facere expedita nemo necessitatibus id. Amet deleniti fugiat vel harum corrupti error. Totam sed eos in assumenda harum et.', 'architecto,sint,dolorem,beatae', '2019-01-21 23:10:57', '2019-01-21 23:10:57'), ('74', '10', 'Non quia dolores explicabo.', 'Voluptatem ducimus et ratione quaerat aliquid eaque est accusantium. Non omnis fugiat eaque et aut natus voluptatibus. Blanditiis dolores ut molestiae assumenda. Sed non quasi odio hic consequatur.', 'ex,atque,aut,nostrum', '2019-01-21 23:10:57', '2019-01-21 23:10:57'), ('75', '10', 'Reprehenderit accusamus animi.', 'Repellendus temporibus et animi voluptate. Sit velit ut ullam consequatur aut quia occaecati provident. Veniam quaerat eum ex magnam accusantium aut. Laboriosam vero corporis dolores eum eius.', 'qui,perferendis,repudiandae,quos', '2019-01-21 23:10:57', '2019-01-21 23:10:57'), ('76', '10', 'Mollitia sint.', 'Explicabo aut alias qui dolores. Quibusdam cumque veniam voluptate maiores. Temporibus commodi ullam dolores sint doloribus reiciendis. Quo qui et aperiam vero ipsa voluptate voluptatem. Sint est repudiandae sit. Reiciendis delectus id dolore eveniet sequi dolorum. Consequatur voluptas eveniet maiores.', 'vero,corrupti,accusantium,molestiae', '2019-01-21 23:10:57', '2019-01-21 23:10:57');
COMMIT;

-- ----------------------------
--  Table structure for `migrations`
-- ----------------------------
DROP TABLE IF EXISTS `migrations`;
CREATE TABLE `migrations` (
  `id` int(10) unsigned NOT NULL AUTO_INCREMENT,
  `migration` varchar(255) COLLATE utf8mb4_unicode_ci NOT NULL,
  `batch` int(11) NOT NULL,
  PRIMARY KEY (`id`)
) ENGINE=InnoDB AUTO_INCREMENT=4 DEFAULT CHARSET=utf8mb4 COLLATE=utf8mb4_unicode_ci;

-- ----------------------------
--  Records of `migrations`
-- ----------------------------
BEGIN;
INSERT INTO `migrations` VALUES ('1', '2014_10_12_000000_create_users_table', '1'), ('2', '2014_10_12_100000_create_password_resets_table', '1'), ('3', '2019_01_18_025317_create_articles_table', '1');
COMMIT;

-- ----------------------------
--  Table structure for `password_resets`
-- ----------------------------
DROP TABLE IF EXISTS `password_resets`;
CREATE TABLE `password_resets` (
  `email` varchar(255) COLLATE utf8mb4_unicode_ci NOT NULL,
  `token` varchar(255) COLLATE utf8mb4_unicode_ci NOT NULL,
  `created_at` timestamp NULL DEFAULT NULL,
  KEY `password_resets_email_index` (`email`)
) ENGINE=InnoDB DEFAULT CHARSET=utf8mb4 COLLATE=utf8mb4_unicode_ci;

-- ----------------------------
--  Table structure for `users`
-- ----------------------------
DROP TABLE IF EXISTS `users`;
CREATE TABLE `users` (
  `id` int(10) unsigned NOT NULL AUTO_INCREMENT,
  `name` varchar(255) COLLATE utf8mb4_unicode_ci NOT NULL,
  `email` varchar(255) COLLATE utf8mb4_unicode_ci NOT NULL,
  `email_verified_at` timestamp NULL DEFAULT NULL,
  `password` varchar(255) COLLATE utf8mb4_unicode_ci NOT NULL,
  `remember_token` varchar(100) COLLATE utf8mb4_unicode_ci DEFAULT NULL,
  `created_at` timestamp NULL DEFAULT NULL,
  `updated_at` timestamp NULL DEFAULT NULL,
  PRIMARY KEY (`id`),
  UNIQUE KEY `users_email_unique` (`email`)
) ENGINE=InnoDB AUTO_INCREMENT=11 DEFAULT CHARSET=utf8mb4 COLLATE=utf8mb4_unicode_ci;

-- ----------------------------
--  Records of `users`
-- ----------------------------
BEGIN;
INSERT INTO `users` VALUES ('1', 'Valerie Stark V', 'sipes.alfred@example.com', '2019-01-21 23:10:57', '$2y$10$TKh8H1.PfQx37YgCzwiKb.KjNyWgaHb9cbcoQgdIVFlYg7B77UdFm', 'e0zrguRP4F', '2019-01-21 23:10:57', '2019-01-21 23:10:57'), ('2', 'Joel Lindgren', 'susan88@example.net', '2019-01-21 23:10:57', '$2y$10$TKh8H1.PfQx37YgCzwiKb.KjNyWgaHb9cbcoQgdIVFlYg7B77UdFm', 'z1GcjVot3F', '2019-01-21 23:10:57', '2019-01-21 23:10:57'), ('3', 'Mr. Reynold Swift II', 'jerde.rylee@example.org', '2019-01-21 23:10:57', '$2y$10$TKh8H1.PfQx37YgCzwiKb.KjNyWgaHb9cbcoQgdIVFlYg7B77UdFm', 'lxDGauHj3f', '2019-01-21 23:10:57', '2019-01-21 23:10:57'), ('4', 'Lacy Barton', 'rosenbaum.kenneth@example.org', '2019-01-21 23:10:57', '$2y$10$TKh8H1.PfQx37YgCzwiKb.KjNyWgaHb9cbcoQgdIVFlYg7B77UdFm', 'xbmNQpd0j3', '2019-01-21 23:10:57', '2019-01-21 23:10:57'), ('5', 'Emmitt Schneider V', 'eleanora.jacobi@example.net', '2019-01-21 23:10:57', '$2y$10$TKh8H1.PfQx37YgCzwiKb.KjNyWgaHb9cbcoQgdIVFlYg7B77UdFm', 'z7UqbHFppU', '2019-01-21 23:10:57', '2019-01-21 23:10:57'), ('6', 'Gussie McLaughlin', 'schaefer.meta@example.com', '2019-01-21 23:10:57', '$2y$10$TKh8H1.PfQx37YgCzwiKb.KjNyWgaHb9cbcoQgdIVFlYg7B77UdFm', 'wSYlV7sMP6', '2019-01-21 23:10:57', '2019-01-21 23:10:57'), ('7', 'Mrs. Mariah Bergstrom', 'guadalupe52@example.net', '2019-01-21 23:10:57', '$2y$10$TKh8H1.PfQx37YgCzwiKb.KjNyWgaHb9cbcoQgdIVFlYg7B77UdFm', 'D6u6UWfcN1', '2019-01-21 23:10:57', '2019-01-21 23:10:57'), ('8', 'Miss Naomie Schamberger II', 'tristian.carter@example.com', '2019-01-21 23:10:57', '$2y$10$TKh8H1.PfQx37YgCzwiKb.KjNyWgaHb9cbcoQgdIVFlYg7B77UdFm', '6V0fzzqIRD', '2019-01-21 23:10:57', '2019-01-21 23:10:57'), ('9', 'Danyka McCullough DVM', 'heaney.leora@example.net', '2019-01-21 23:10:57', '$2y$10$TKh8H1.PfQx37YgCzwiKb.KjNyWgaHb9cbcoQgdIVFlYg7B77UdFm', 'sey0SWDH3u', '2019-01-21 23:10:57', '2019-01-21 23:10:57'), ('10', 'Ervin Willms PhD', 'elvis.weissnat@example.com', '2019-01-21 23:10:57', '$2y$10$TKh8H1.PfQx37YgCzwiKb.KjNyWgaHb9cbcoQgdIVFlYg7B77UdFm', 'rxV60gAdKF', '2019-01-21 23:10:57', '2019-01-21 23:10:57');
COMMIT;

SET FOREIGN_KEY_CHECKS = 1;
